Tweet_number,rawContent,timestamp,ID,replyCount,retweetCount,likeCount
0,"Excellent idea. Trump can use his foreign emoluments to pay for the wall ‚Äî all of it.

GOP Rep. Walter Jones Suggests Trump Pay for Part of His Wall https://t.co/HkC1cTZpCk via @RollCall",2018-12-31 23:59:45+00:00,1.08E+18,121,450,1392
1,"There are truly no limits to the hypocrisy of Trump and his band of grifters -- railing against Social Security, Medicare, and Medicaid, while planning their New Year's Eve party on the taxpayers' dime.

https://t.co/6pQL2tJ2Tx",2018-12-31 23:57:38+00:00,1.08E+18,143,1593,2640
2,"Trump lawyer Giuliani Says Assange Should Not Be Prosecuted Citing Pentagon Papers
https://t.co/SRVnT30RCD",2018-12-31 23:49:47+00:00,1.08E+18,170,1062,2230
3,"I‚Äôd like to take this opportunity to remind everyone for the last time this year that Donald Trump is a fucking paste-eating, directly-at-the-sun-staring moron of epic proportions whose level of lunacy is unparalleled in any dimension or nursing home on this flat fucking planet",2018-12-31 23:48:46+00:00,1.08E+18,103,260,1370
4,"‚ÄúMr Trump, do you think Elizabeth Warren could win a presidential race in 2020?‚Äù
Trump- ‚ÄúI don‚Äôt know you‚Äôre going to have to ask her psychiatrist. ‚Äú

üò± what a vile piece of shit.",2018-12-31 23:37:22+00:00,1.08E+18,126,271,1119
5,So Graham Norton taking the piss out of Brexit on BBC1 to rapturous laughter and Jools Holland on BBC2 taking the piss out of Donald and Melania Trump. #BBCImpartiality Going to be rounded off by @SadiqKhan's pro-EU fire-works display.,2018-12-31 23:33:39+00:00,1.08E+18,176,415,1220
6,President Trump should be demanding accountability for the deaths of two migrant children instead of playing political games. His administration must ensure proper medical care for all migrants in their custody.,2018-12-31 23:28:58+00:00,1.08E+18,226,356,1859
7,"Snoop Dogg, Lena Dunham, Barbara Streisand, Chelsea Handler &amp; others,

Why are you still complaining about Trump,

Shouldn‚Äôt y‚Äôall be in Canada by now? üòÇ‚úåüèæ",2018-12-31 23:26:38+00:00,1.08E+18,260,931,3237
8,"Trump says, since Obama has a wall around his house, our border should have a 2,000 mile wall.

There is no wall around Obama's house.

That this man can lie so blithely, and we all shrug, is not normal. He is either mentally ill or a pathological liar or both. Nothing good.",2018-12-31 23:21:37+00:00,1.08E+18,563,4616,15633
9,‚ÄúMelania Trump Soared as First Lady in 2018 ‚Äî Her 10 Best Moments‚Äù GREAT year in review about ‚Å¶@FLOTUS‚Å© - Can‚Äôt wait for 2019. Happy #NYE2018  https://t.co/tBHQPITX0d,2018-12-31 22:38:13+00:00,1.08E+18,430,620,3083
10,"Pete Hegseth: Elizabeth Warren ""says she‚Äôs in the fight all the way Mr. President, do you really think she believes she can win?""

President Donald Trump: ""Well, that I don‚Äôt know. You‚Äôd have to ask her psychiatrist."" https://t.co/sOzH6JZFrk",2018-12-31 22:38:01+00:00,1.08E+18,1178,3429,13160
11,"New: In Fox interview tonight, President Trump is asked whether Elizabeth Warren could win if she ran: ‚ÄúWell, that I don‚Äôt know, you‚Äôd have to ask her psychiatrist,"" he responds",2018-12-31 22:17:01+00:00,1.08E+18,534,235,603
12,"MUELLER-RELATED NEWS: Prosecutors filed a sealed motion today in the case of SAM PATTEN, who had pleaded guilty in Aug. to funneling a Ukrainian oligarch's $ to the TRUMP inaugural cmte ‚Äî &amp; then lying to Senate Intel Cmte about it. He has been cooperating with prosecutors since. https://t.co/wC8d20BsvA",2018-12-31 22:11:28+00:00,1.08E+18,106,1130,2615
13,"Donald Trump's friends, family and advisors all have chosen to stay away from him on New Year's Eve. 

They really don't care (about him), do they?",2018-12-31 22:04:33+00:00,1.08E+18,162,273,1741
14,We don‚Äôt need to get all up in arms over Elizabeth Warren right now. Let all the candidates announce they‚Äôre running and we‚Äôll go from there. What we all must agree on is in the end we must UNITE and FIGHT.  Fuck trump.,2018-12-31 21:46:24+00:00,1.08E+18,147,440,1968
15,"Trump took a 4 1/2 hour break from tweeting.  
About 4 hours for 18 holes, right?
Honestly, do we know for fact he is in DC? Has he been seen by anyone?",2018-12-31 21:43:41+00:00,1.08E+18,199,363,1534
16,"Wow, Brit. Get familiar with the basics of the Trump-Russia scandal. Trump had a secret deal to develop a Moscow tower while he was running for president. Biggest conflict of interest in modern American politics. It has been in all the papers. But maybe not on Fox.",2018-12-31 21:31:50+00:00,1.08E+18,1654,3749,15753
17,#BREAKING: Federal workers union sues Trump admin over government shutdown https://t.co/nnSe7vMLSG https://t.co/wsmGgq4Q1j,2018-12-31 21:30:49+00:00,1.08E+18,111,474,1343
18,"1. Before the year is out....the evidentiary link between Wikileaks, Russian hackers, Kremlin disinformation outlet, and Donald Trump. 

In 2016, I received a phone call from someone in the intelligence world telling me to keep an eye on Sputnik that day. I did not know what....",2018-12-31 21:21:26+00:00,1.08E+18,351,4651,7962
19,"This weekend, Trump took to Twitter 25 times to:

- Whine about Democrats
- Whine about Immigrants
- Whine about Mueller
- Whine about Hillary
- Whine about Schumer
- Whine about NAFTA
- Whine about the Media

At least he's finishing up 2018 just as promised: So. Much. Whining!",2018-12-31 21:17:50+00:00,1.08E+18,156,1374,4526
20,But I was told I had to shut up and support Trump because he would make the stock market rise forever by his sheer force of will.,2018-12-31 21:16:19+00:00,1.08E+18,403,2665,9918
21,It appears Mitch McConnell is going to shield Trump from everything Nancy sends toward the White House. So her plan to end shutdown is likely DOA and the Trump Shutdown will continue. Trump‚Äôs so uninformed he thinks this is good for his base!  https://t.co/3ZR25mHXEK,2018-12-31 21:09:39+00:00,1.08E+18,237,1173,2669
22,"This is a lie. Because:

a. The problem isn‚Äôt a long list of unapproved ambassadors. It‚Äôs that Trump left the most important slots vacant for virtually his entire first 2 years (eg Saudi Arabia)

b. Ambassadors need only 50 votes. Mitch, not Chuck, is the issue.",2018-12-31 20:36:04+00:00,1.08E+18,660,9353,25482
23,"Sarah Huckabee Sanders 2 years after leaving Trump's administration üòÇüòÇüòÇ

Volume up üîäüîäüîä https://t.co/2Jrqjqj74E",2018-12-31 20:34:33+00:00,1.08E+18,680,1683,5449
24,"I‚Äôd vote for her in the general for sure, but this came 3 years too late. I wanted her to challenge Hillary, she didn‚Äôt, and Bernie stepped up. He did what she could have done. Also, Warren against Trump worries me a lot. It‚Äôs Bernie2020 for me.",2018-12-31 20:32:05+00:00,1.08E+18,88,141,809
25,"I would vote for Elizabeth Warren in 2020.

I'd also vote for Joe Biden, Kamala Harris, Beto O'Rourke, Cory Booker, Kirsten Gillibrand, or Bernie Sanders.

It doesn't matter who makes it out of the primary. I'd vote for a warm piece of toast over Donald Trump.",2018-12-31 20:29:23+00:00,1.08E+18,378,1121,8330
26,"As Elizabeth Warren enters the field, let's remember to give all legit contenders a chance and not to pounce too harshly on any one that might not be our own personal favorite. They might be the eventual nominee, and we need to keep our eyes on the prize: Firing Donald Trump.",2018-12-31 20:19:47+00:00,1.08E+18,81,383,1518
27,"It seems @realDonaldTrump insists on referring to himself in the third person because he loves WWF.  If Trump was a wrestler, what would his wrestler name be? I‚Äôll go with my initial name for him, Mar-a-Lard-Ass.  What say you? Make me proud, I Twitter.",2018-12-31 20:15:17+00:00,1.08E+18,511,221,1303
28,"I‚Äôd love to start the New Year with more friends. I‚Äôm a MH therapist treating the domino effect tRump has on people.  #FBRParty #Resist #BlueWave #MarchForOurLives
                                     
I‚Äôll follow back friendlys.  

1)Like
2)Retweet
3)Follow
4)Reply

Thank You",2018-12-31 20:12:04+00:00,1.08E+18,140,319,763
29,"I‚Äôll vote for whoever the Dems put up.

Trump‚Äôs gotta go.",2018-12-31 20:08:50+00:00,1.08E+18,85,370,2503
30,"‚ÄúTRUMP ISN‚ÄôT TWISTING THE TRUTH, HE IS ENGAGING IN DISINFORMATION.‚Äù",2018-12-31 20:08:24+00:00,1.08E+18,140,440,2112
31,Poll: Majority want Trump to declassify documents from Russia investigations https://t.co/laup86Y0fs,2018-12-31 20:03:21+00:00,1.08E+18,500,2615,8198
32,"Unpopular observation-
I‚Äôve often heard Donald Trump called ‚Äúa complete loser‚Äù
He‚Äôs not. He is a winner.
A man who lies every single day, pays off porn stars &amp; owns our government shutdown over a wall his party doesn‚Äôt support is also a winner. 
Consider this reality in 2019",2018-12-31 19:50:05+00:00,1.08E+18,914,710,4211
33,"You do realize that the dossier said that the Russians dangled business ventures in front of @realDonaldTrump to cultivate and co-opt him, right? It sure looks as if something like that happened in 2015/2016 as he was campaigning. And Trump kept the deal a secret from voters.",2018-12-31 19:46:25+00:00,1.08E+18,506,2501,7921
34,"Trump claims there‚Äôs a 10-foot wall around the Obamas' D.C. home. Neighbors say there‚Äôs not. 
Exactly like the birther accusation, this fabricated new story endangers the Obama‚Äôs &amp; the secret services team that protects them.  https://t.co/GUk91uZSkf",2018-12-31 19:42:30+00:00,1.08E+18,157,450,889
35,Media Didn‚Äôt Like McChrystal Until He Started Bashing Trump https://t.co/lSlkxCaqG1 via @LifeZette,2018-12-31 19:39:12+00:00,1.08E+18,2567,851,2783
36,Trump claims there's a 10-foot wall around the Obamas' D.C. home. Neighbors say there‚Äôs not. https://t.co/VmkXm40A8K,2018-12-31 19:35:31+00:00,1.08E+18,285,899,2117
37,"Happy New Year to everyone from Scotland!  I hope it's a year filled with laughter, positivity and good health.  

Apart from you Trump, and your enabling GOP parasites. I hope you have a year of despair, accountability and disappointment.  

Mueller is coming...

Much love S x",2018-12-31 19:31:18+00:00,1.08E+18,125,216,1199
38,Would Trump really lie about his own whereabouts?,2018-12-31 19:29:10+00:00,1.08E+18,1626,1473,6233
39,".@LindseyGrahamSC wants to stick taxpayers with the bill for the #WallFunding when the economy is hurting due to Trump's tariffs AND the #TrumpShutdown. 

Oh, has anyone been watching the stock market? Just wondering.",2018-12-31 19:27:54+00:00,1.08E+18,162,384,612
40,"I don‚Äôt give a damn if Congress misses their Holiday festivities.

Build our wall. 

This is not Trump‚Äôs wall.

This is America‚Äôs wall! 

Who‚Äôs with me?",2018-12-31 19:20:59+00:00,1.08E+18,264,1565,4003
41,"Unless Trump invades Canada, nukes Iran, fires Mueller, or does something else equally stupid, I‚Äôll probably be away for much of the evening; just wanted to take the time now to wish you all a safe and happy New Year.

No drinking and driving, or I‚Äôll sic Mrs. Angry on you.",2018-12-31 19:12:13+00:00,1.08E+18,426,518,6126
42,Trump claims there‚Äôs a 10-foot wall around the Obamas' D.C. home. Neighbors say there‚Äôs not. https://t.co/9XDBSkEJfW,2018-12-31 19:12:06+00:00,1.08E+18,1367,3874,10890
43,"Despite Trump‚Äôs tweet, there‚Äôs no 10‚Äô fence around the Obama‚Äôs DC home. ‚ÄúA neighbor, a longtime resident of the area...said Trump ‚Äòhas a very active imagination.‚Äô‚Äù https://t.co/CZNwf7vjeu",2018-12-31 19:10:16+00:00,1.08E+18,688,3555,8843
44,"Trump will face an intensified level of scrutiny in 2019, with Democratic House committee chairmen poised to comb through every corner of his administration, subpoena his Cabinet and investigate his personal finances, associates and business interests https://t.co/NYGEals7NI",2018-12-31 19:09:36+00:00,1.08E+18,610,336,1415
45,"Trump averaged 15 false claims a day in 2018, according to WaPo. https://t.co/8VmKVdKBKY",2018-12-31 19:05:06+00:00,1.08E+18,171,803,1529
46,Trump claims there‚Äôs a 10-foot wall around the Obamas' D.C. home. Neighbors say there‚Äôs not. https://t.co/NduyrVkN47,2018-12-31 18:57:51+00:00,1.08E+18,586,852,1745
47,"Many consider a toilet OVAL

When Trump says he‚Äôs in the Oval Office, and he‚Äôs NOT, maybe he means he‚Äôs on the shitter tweeting again?
...Cause I suspect that‚Äôs where he does the majority of his work",2018-12-31 18:51:02+00:00,1.08E+18,98,275,1064
48,Dear Trump supporters: ‚Äúsee through wall‚Äù is a metaphor. Why are you letting Trump take advantage of you by moving the goalposys from a wall paid for by Mexico to a metaphorical wall paid for by taxpayers?,2018-12-31 18:50:03+00:00,1.08E+18,113,243,1347
49,"BREAKING: WOW Republican Rep. Walter Jones Said Trump Should Use some of his own money to Pay for Part of His Wall

HE SAID THIS 

""As a wealthy man, the president might consider pledging some of his own funds.""",2018-12-31 18:49:35+00:00,1.08E+18,160,700,2156
50,Trump claims there‚Äôs a 10-foot wall around the Obamas' D.C. home. Neighbors say there‚Äôs not. https://t.co/V1Bowji6mZ,2018-12-31 18:38:20+00:00,1.08E+18,648,503,1095
51,"@Nigel_Farage The only upside of Brexit would be you not being my MEP any more. If it is halted - and I sincerely hope it will be - I will do all I can to unseat you should you run again. A nation-wrecking, xenophobic Putin puppet and Trump sycophant has no place representing anyone.",2018-12-31 18:30:24+00:00,1.08E+18,135,278,1673
52,"My son this morning,‚ÄùTrumps library will just be a cell phone and an unpaid contractor‚Äù",2018-12-31 18:24:51+00:00,1.08E+18,89,217,2224
53,"After his first bizarre year, Trump‚Äôs apologists told us that in his second year he would be more respectful of democratic institutions. Wrong. 

Worse yet, some Americans are becoming so used to these antics that they no longer see them for what they are ‚Äì attacks on democracy.",2018-12-31 18:22:54+00:00,1.08E+18,185,2565,8454
54,Flat Eathers are by far the dumbest group of people in existence. They make diehard Trump supporters and QAnon believers look absolutely sane and grounded by comparison. https://t.co/RpXo47LoiO,2018-12-31 18:17:11+00:00,1.08E+18,388,232,716
55,Republican Rep. Says Trump Should Personally Pay For Part Of The Wall https://t.co/dOuqvY9BKZ,2018-12-31 18:12:39+00:00,1.08E+18,169,281,1173
56,"Republican Rep. Walter Jones is worried that Trump's border wall will add to the federal debt ‚Äî so he's proposing that Trump pony up some of his own money for the wall.

""As a wealthy man, the president might consider pledging some of his own funds.""
https://t.co/32IZYLgkGt",2018-12-31 18:05:15+00:00,1.08E+18,1141,2355,7511
57,"Trump says he‚Äôs at the White House.

Trump is not at the White House.

He‚Äôs gotta be at Mar a Lago, right?",2018-12-31 17:53:33+00:00,1.08E+18,215,366,1490
58,Mar-A-Lago Members Happy Trump Will Be Gone New Year‚Äôs Eve: ‚ÄòIt‚Äôs A More Pleasant Club When Trump Isn‚Äôt Here‚Äô https://t.co/HUALuXk2zV,2018-12-31 17:52:47+00:00,1.08E+18,158,417,1075
59,"In 2020, the most formidable candidates against President Trump and his far-right nationalism will be those who unify the left, center and pro-liberty right.",2018-12-31 17:51:52+00:00,1.08E+18,319,713,4236
60,"Boom!  Keep your eyes on this one.  It's like the stealth bomber no one sees until it's too late.  Sam Patten was funnelin' Russian money to Trump's inauguration coffers.  His cooperation will blow another hole in the Trumptanic.

https://t.co/TJOP9MFvGN",2018-12-31 17:16:58+00:00,1.08E+18,93,1792,3539
61,"For me‚Ä¶ the fires, mudslides, evacuations, relocation, shootings, a scary family illness and all the Trump madness made 2018 a year to forget.
Having said that‚Ä¶ I‚Äôm ready for more Trump ass kicking in the New Year!!

2019‚Ä¶ the year we get him booted from office.

Who‚Äôs in?",2018-12-31 17:09:15+00:00,1.08E+18,419,796,6120
62,"Atiku's spokesperson, Segun Showunmi stole Donald Trump‚Äôs message and passed it off as his. He couldn‚Äôt even edit the ‚ÄòAmerica‚Äô in trump‚Äôs message to ‚ÄòNigeria‚Äô in his. 

According to my friend, Mohd, ‚Äúthey steal money and still steal intellectual properties... A thief is a thief‚Äù https://t.co/5XqA0susGy",2018-12-31 17:05:25+00:00,1.08E+18,451,1420,1653
63,"Interesting. Government just filed a joint status report under seal for Sam Patten, a Manafort/Kilimnik associate who pleaded guilty in August to failing to register as a foreign agent and admitted to steering foreign funds to Trump's inaugural. He's been cooperating ever since. https://t.co/pgedX5KtcE",2018-12-31 16:58:25+00:00,1.08E+18,206,3354,6746
64,"BREAKING: House Democrats have prepared six bills that would reopen the government. They plan to pass all of them on Thursday night. It is then up to the Trump and the Republican Party to do their jobs, for once. It does not include any funding for a wall. Not one dime. Good.",2018-12-31 16:58:12+00:00,1.08E+18,530,7521,26968
65,"I get the feeling 2019 is going to be a great year, with a lot of positive changes!

What do you think?

All bad for Trump...",2018-12-31 16:51:22+00:00,1.08E+18,157,248,2040
66,"‚ö°Ô∏è Since the U.S. election, @ddale8 has kept track of every word Trump has said. A Twitter champion, he is precise, quick, and works around the clock to keep people informed. 

He'll be sending us off into 2019 with his top stories of this year.

https://t.co/T9FNgKZy7K",2018-12-31 16:48:37+00:00,1.08E+18,186,510,1628
67,"Have you noticed that no matter how low Trump goes, no matter how much he lies, no matter how much he attacks Americans, he never loses his supporters?
Just like a cult of Hitler supporters...",2018-12-31 16:46:37+00:00,1.08E+18,220,545,2377
68,"This VIDEO Of Trump Talking About Who is Paying for The Wall Should be Retweeted every single day of the Government shutdown

https://t.co/T5zz0cR20l",2018-12-31 16:39:57+00:00,1.08E+18,487,9530,8881
69,John Kelly should‚Äôve quit and gone public the second Trump did something crazy. But he didn‚Äôt. All he did was try to look disappointed in public once in a while. Clear PR stunts. He‚Äôs complicit with everything. And to blame for a lot of it. He‚Äôs just another accomplice.,2018-12-31 16:37:03+00:00,1.08E+18,76,572,2211
70,"Trump tweeted at 10:37AM: ""I'm in the Oval Office.""

The pool report, at 11:02AM, said: ""No Marine posted outside of the West Wing as of 11am.""

When the president is in West Wing (in the Oval, for example) a Marine always stands guard. No Marine means no Trump.",2018-12-31 16:35:04+00:00,1.08E+18,1792,7710,30605
71,"Trump has made many blunders re: wall, incl. his claim that Mexico would pay, his rejection of the Dems offer of DACA fix for wall $$ &amp; his saying he‚Äôd take blame for shutdown. Now, though, he‚Äôs cut his funding demand in half &amp; Dems countered with less than their previous offer.",2018-12-31 16:32:15+00:00,1.08E+18,1007,218,1093
72,Ahh no. Trump says ‚ÄúAn all concrete Wall was NEVER ABANDONED‚Äù.  $5B and a gov‚Äôt shutdown is a lot to pay for a metaphor. Perhaps spending $5B we don‚Äôt have and shutting down the governement has become a metaphor for incompetence...just sayin‚Äô.,2018-12-31 16:29:49+00:00,1.08E+18,171,888,3800
73,"I‚Äôm not giving Elizabeth Warren a pass on her anti-Indigenous fuckshit and neither should you. 

‚ÄúBut we have to beat Trump!‚Äù 

BUT SHE COULD JUST APOLOGIZE AND DO BETTER! 

The choices are not ‚Äúanti-Indigenous fuckshit‚Äù or ‚ÄúTrump.‚Äù Don‚Äôt believe the hype.",2018-12-31 16:28:13+00:00,1.08E+18,82,530,2944
74,"In a recent interview, John Kelly says Trump ignores his advisors and their advice. ""The president just wants to make a decision based on no knowledge and ignorance."" https://t.co/Y4vyevJB3F",2018-12-31 16:17:44+00:00,1.08E+18,97,598,1193
75,"Trump Caught In Blatant Lie Claiming He Was Working In Oval Office
https://t.co/hL6Dwqb7BW",2018-12-31 16:14:43+00:00,1.08E+18,412,1307,2820
76,"It doesn‚Äôt matter whether it‚Äôs Elizabeth Warren, Stacey Abrams, Bernie Sanders, Beto O‚ÄôRourke, Kamala Harris, Joe Biden, or literally anyone else. Whoever becomes the 2020 Democratic presidential nominee is infinitely better than Trump and we shall never be divided ever again.",2018-12-31 16:08:18+00:00,1.08E+18,382,1479,8494
77,"WISHING EVERYONE A HAPPY HEALTHY NEW YEAR‚ùó

üéâLET'S HAVE SOME NEW YEARS FUN AT 45's EXPENSE‚ùó

WHAT KIND OF JOB DO YOU SEE TRUMP &amp; PENCE HAVING AFTER they leave or get THROWN OUT of the WH.

üîÆShare what you think their new job would be.
üîÆThen tag friends to do the same.
üîÆRT",2018-12-31 16:06:07+00:00,1.08E+18,484,260,703
78,"WHO'S GONNA PAY FOR THE WALL?

Trump: Who's gonna pay for the wall?
#MAGAts: Mexico!
Trump: Who?
#MAGAts: Mexico!
Trump: 100%! 100%!

OOPS....üòÇüòÇüòÇ
https://t.co/JM493s1ESf",2018-12-31 16:05:48+00:00,1.08E+18,129,600,893
79,"It‚Äôs incredible how Trump could use his ridiculous sound bite that ‚ÄúMexico would pay for his big, beautiful wall‚Äù. Mexico is not. They won‚Äôt pay for metal slats either. What is immoral, is lying to and playing the American people for fools. Even if some are willing participants.",2018-12-31 16:04:31+00:00,1.08E+18,421,2187,8976
80,"Yes Chief @SenWarren please please run in 2020! Make it so much easier for Trump to be re-elected! If you want to make it even easier, pick Crooked @HillaryClinton as your running mate.",2018-12-31 16:02:52+00:00,1.08E+18,997,1109,7063
81,It‚Äôs amazing how boring and predictable Trump‚Äôs tweets have become.,2018-12-31 15:50:45+00:00,1.08E+18,69,128,994
82,"John Kelly was known to tell aides that he had the ""worst job in the world,"" and frequently told people that Trump was not up to role of president, two former administration officials tell NYT. https://t.co/PfptH7sBd5",2018-12-31 15:50:44+00:00,1.08E+18,109,456,1048
83,"As Democrats start to jump in for 2020, some advice:

It‚Äôs ok to have a favorite or two in this race - but don‚Äôt get too attached. In a crowded field, there are many possible nominees. We all must prepare to fall in lock-step behind Trump‚Äôs challenger. 
https://t.co/VflvxbeiHU",2018-12-31 15:49:04+00:00,1.08E+18,223,780,2789
84,"üí•BREAKING NEWSüí• Is Paul Whelan, who was just arrested in Moscow 'while on a spy mission,' a plant sent by Trump so he can trade him for Maria Butina‚ÅâÔ∏èü§î cc ‚Å¶@MingGao26‚Å©  https://t.co/F9DWJ40OnL",2018-12-31 15:45:00+00:00,1.08E+18,121,776,1081
85,"For the New Year we should all make a resolution to use the right words about Trump.

Trump doesn't tell ""falsehoods.""

He doesn't make ""factually incorrect statements.""

He doesn't make ""statements inconsistent with facts.""

Let's all say it together.  ""Trump Lies!""",2018-12-31 15:34:07+00:00,1.08E+18,281,2247,7570
86,"Tea Pain's gonna repeat himself.  The number one goal of the Dems should be to defeat Trump in 2020 should he escape impeachment.  

If Joe Biden vowed to serve only one term and picked a young Dem superstar like Beto or Kamala Harris for VP, it would be a tough ticket to beat.",2018-12-31 15:27:51+00:00,1.08E+18,870,2874,12960
87,"So annoying how left always worries what right will say about their candidates. You think the right ever gives a sh*t about how the left will react to their candidates? I mean, the GOP nominated Donald effing Trump in 2016! You think they were worrying, ‚ÄòWhat will the Dems say?‚Äô",2018-12-31 15:24:43+00:00,1.08E+18,155,869,4653
88,"@realDonaldTrump Failed Generals?

FAILED GENERALS.??

You are out of your fucking mind. The worst failure in American History is Donald J Trump, aka Individual 1, aka Traitor Tot.

RESIGN you failed fat fucker.",2018-12-31 15:21:56+00:00,1.08E+18,143,335,1720
89,"Depends on what nation he's talking about. 

Trump: I Should Be a ‚ÄòNational Hero‚Äô https://t.co/UmBKk1Rjsr via @thedailybeast",2018-12-31 15:13:48+00:00,1.08E+18,740,644,2982
90,"Trump says ‚Äúmany‚Äù federal employees support the shutdown. Of the 800,000 now going without paychecks, probably close to 3.  

https://t.co/YNU1wdCVmq",2018-12-31 15:07:13+00:00,1.08E+18,114,562,1753
91,"My 2018 moron list:

Theresa May ‚úÖ
Vince Cable ‚úÖ
Lord Sugar ‚úÖ
Piers Morgan ‚úÖ
Katie Hopkins ‚úÖ
Tommy Robinson ‚úÖ
Julie Hartley-Brewer ‚úÖ
Nigel Farage ‚úÖ
David Davis ‚úÖ
Jacob Rees-Mogg ‚úÖ
Donald Trump ‚úÖ
Richard Branson ‚úÖ
Dominic Rab ‚úÖ
Chris Grayling ‚úÖ
Chuka Umunna ‚úÖ",2018-12-31 15:04:59+00:00,1.08E+18,364,671,3538
92,üëáüèΩ This is the likely scenario to get Whalen out of Russian detention. Trump will definitely do it.,2018-12-31 15:04:36+00:00,1.08E+18,102,744,1633
93,"On average, Trump made 15 false claims per day in 2018, according to the Washington Post
https://t.co/saC6nxrhzu",2018-12-31 15:01:00+00:00,1.08E+18,153,417,773
94,"Elizabeth Warren, Joe Biden, Beto O‚ÄôRourke, Kamala Harris, Bernie Sanders. Doesn‚Äôt matter to me. Any of them are 100 times better than Donald Trump",2018-12-31 14:54:44+00:00,1.08E+18,98,165,1121
95,CNN at its worst: inviting Kellyanne Conway back time and again to dissemble. ‚ÄúKellyanne Blames Dems for Politicizing Border Kids Deaths; Dana Bash: Isn‚Äôt That What Trump is Doing?‚Äù https://t.co/1ffBmEGiM2,2018-12-31 14:52:06+00:00,1.08E+18,117,307,1142
96,I‚Äôve heard the rationale for shrugging off his adultery &amp; misogyny. I‚Äôve heard the rationale for shutting the door on refugees &amp; mistreating immigrants. How are Trump-supporting evangelicals rationalizing the overt &amp; chronic lies?,2018-12-31 14:28:23+00:00,1.08E+18,105,207,1041
97,"2017: Year 1 of the Trump Captivity of the GOP. Willful blindness and wishful thinking.
2018: Year 2 of the Trump Captivity: Mugged by reality.
2019: Year 3 of the Trump Captivity: The beginning of liberation .
2020: Year 4: The end of captivity. Trump defeated for renomination.",2018-12-31 14:08:10+00:00,1.08E+18,907,1627,7413
98,She has every right to run but let‚Äôs be absolutely clear: she lost the progressive vote years ago. We cannot afford another 4yrs of Trump and that‚Äôs exactly what Elizabeth Warren‚Äôs hypocrisy is going to deliver if she ends up as the Democratic nominee. We need a REAL progressive.,2018-12-31 14:01:44+00:00,1.08E+18,100,221,1027
99,"Trump said fed employees support the shutdown. Not true, say labor unions repping hundreds of thousands of fed workers. 

""It makes people feel really disrespected. How detached can you be? These are real people with real families and financial."" https://t.co/uVRLpflkG7",2018-12-31 14:00:01+00:00,1.08E+18,70,736,1565
100,"""BUT I'M THE PRESIDENT"" wailed Trump as he was led away in handcuffs 

oh sorry, I was just daydreaming there for a moment",2018-12-31 13:52:29+00:00,1.08E+18,112,408,3302
101,"#Russia's state TV praises Trump's decision to withdraw the troops from Syria and Afghanistan, shows off Rand Paul saying that ""Russia is a major player on the world stage"" and ""Assad won the war."" https://t.co/WimExfUHRo",2018-12-31 13:51:54+00:00,1.08E+18,640,2600,2474
102,"WHAT??? The ‚ÄúTrump official‚Äù who ""resigned"" in outrage over @realDonaldTrump  decision to withdraw troops from Syria was actually same Obama holdover who oversaw sending that planeload of cash to Iran and who was set to leave in February anyway‚Ä¶
 https://t.co/YnfZ58kg53",2018-12-31 13:39:36+00:00,1.08E+18,1805,8433,19169
103,"Happy New Year üéà 
Do you think trump will finish out 2019?",2018-12-31 13:39:04+00:00,1.08E+18,1747,265,1323
104,Does anyone know what Trump is talking about with a ‚Äúsee through‚Äù wall?,2018-12-31 13:36:10+00:00,1.08E+18,1928,745,3893
105,"When I say I'm going to write 2,000 handwritten thank you letters, I do it. 

When I say I'm going to protest with a Yellow Vest, I do it. 

When I say I'm going to spend the next years of my life working to reelect President Trump, 

you better believe I'm a man of my word.",2018-12-31 13:34:24+00:00,1.08E+18,147,774,3559
106,"We're edging towards my preferred solution, which is just telling Trump that we've built an invisible wall and the problem has been solved.",2018-12-31 13:29:38+00:00,1.08E+18,175,700,4956
107,Under President Trump ‚Äúunemployment rate is matching its low point of the last half-century...An all-time high 130 million Americans now have a job...Wages are rising...Americans are again the most productive &amp; among the highest-paid workers in the world‚Äù https://t.co/UEAN8TJ8WD,2018-12-31 13:28:17+00:00,1.08E+18,2736,3466,17255
108,"We don‚Äôt know how this sad saga will end, but I don‚Äôt think Trump will survive in office beyond 2019.",2018-12-31 13:16:52+00:00,1.08E+18,414,692,4688
109,"Some #NewYearsEve stats

Donald Trump... in 2018

- lost 10 cabinet members
- lost 65 executive staff
- 18% increase in US trade deficit
- DOW lost 3,000 points, $3 trillion in value from Feb 1st
- exploded deficit to $779 billion 
- 44 campaign rallies 
- 67 golf club visits",2018-12-31 13:15:39+00:00,1.08E+18,112,1797,2702
110,"President Trump‚Äôs priorities during this shutdown: thanking the troops in Iraq and working to secure our border in Washington, D.C.
 
Nancy Pelosi‚Äôs priority?
 
Her Hawaiian vacation.
 
https://t.co/o90Rm8aQsw",2018-12-31 13:15:00+00:00,1.08E+18,577,932,1954
111,The Trump Administration is now trying to figure out how to cave. From a ‚ÄúHuge Beautiful Wall‚Äù to ‚ÄúSlats‚Äù to ‚Äúan unpainted non-contiguous picket fence with hound dogs every 45 miles with lasers on their heads.‚Äù,2018-12-31 13:05:54+00:00,1.08E+18,1075,2142,9954
112,"Happy New Year üéà 
May Trump and his children get everything they deserve in 2019",2018-12-31 13:01:15+00:00,1.08E+18,132,315,1619
113,It‚Äôs Donald Trump Jr.‚Äôs Birthday. Celebrate With His Most Bada$$ Instagram Photos To Date [SLIDESHOW] https://t.co/iFNosB1DCS via @dailycaller,2018-12-31 13:01:07+00:00,1.08E+18,3387,1371,9060
114,Russian arrests &amp; framing of innocent exMilitary/Intelligence people is officially called #HostileGovernmentDetention. This one is a leverage tool to get Trump to release sorta-spy #MariaButina without a formal spy swap.,2018-12-31 12:26:46+00:00,1.08E+18,152,2808,4558
115,"At midnight, the military-industrial complex about which Dwight Eisenhower warned 58 years ago will be fully realized. A 31-year employee of Boeing‚Äîwho joined Trump‚Äôs team with no military or foreign policy experience‚Äîwill take charge of the Pentagon.
https://t.co/FlNJ793pnl",2018-12-31 12:06:01+00:00,1.08E+18,329,3704,4456
116,Rural Americans who voted for Trump are being left behind in the economic boom https://t.co/UjcdD40H7w,2018-12-31 12:00:11+00:00,1.08E+18,437,501,687
117,"John Kelly Confirms He Was Lying All Along: The White House Is in Chaos

‚ÄúIn an exit interview, the outgoing chief of staff tries to protect his legacy.‚Äù

Unfortunately he will forever have Trumps stank on him.  He will never wash it off. üßº

#TrumpStank https://t.co/5nEXxRP5tK",2018-12-31 10:24:42+00:00,1.08E+18,252,1139,2525
118,Paul Ryan came to Congress as a Jack Kemp conservative and will depart as a Donald Trump Republican https://t.co/sRCJEI8zvs,2018-12-31 09:30:06+00:00,1.08E+18,443,567,1631
119,"US Ambassador Woody Johnson says the country is ""in need of leadership"" on Brexit &amp; warns that Trump's offer of a ""quick, massive bilateral trade deal"" won't be possible if the PM's deal is backed by Parliament @BBCr4today",2018-12-31 08:25:52+00:00,1.08E+18,352,783,1467
120,‚ÄúNo experience‚Äù is the essential prerequisite to work for Trump.,2018-12-31 07:25:41+00:00,1.08E+18,215,833,3073
121,"This is what is happening in our country. Is this ok with you? 

And before the trump supporters infiltrate my replies‚ÄîRepublican or Democrat administration‚Äîthen or now‚Äîit doesn‚Äôt matter. We need to take care of these children. #patriotnotpartisan",2018-12-31 06:54:45+00:00,1.08E+18,802,2448,8489
122,"Michael Moore, on what he looks forward to in 2019: ‚ÄúAs many members of the Trump family in orange jumpsuits as possible.‚Äù   https://t.co/2LgWrTMvrv",2018-12-31 06:00:08+00:00,1.08E+18,109,302,1523
123,"Trump has expressed concern that he could be impeached when Democrats take over the House, a source close to the President told CNN Monday. The source said Trump sees impeachment as a ""real possibility."" https://t.co/JFKPq5dzhZ",2018-12-31 05:47:21+00:00,1.08E+18,267,287,755
124,"When the cameras are off, most of the GOP senators and congressmen talk about Trump like he's as insane as we all know he is. They are praying that the base deserts him so they can take him down. Even they want out of this never-ending dumpster fire.",2018-12-31 05:43:24+00:00,1.08E+18,589,890,2474
125,"Trump says his favorite book is The Bible.

I wonder what his favorite verse is?

Maybe...

The meek shall inherit the earth?

or

It is easier for a camel to go through the eye of a needle than for a rich man to enter the kingdom of God?

or

You cannot serve both God and money?",2018-12-31 04:45:45+00:00,1.08E+18,354,527,1675
126,"No worries - Trump‚Äôs wall will probably be taller than Obama‚Äôs wall.
Between Mueller, the SDNY, and NY AG @realDonaldTrump and his family should be getting at least a 20 foot wall surrounding their living compound as soon as he leaves office.",2018-12-31 03:58:38+00:00,1.08E+18,218,825,4101
127,"This is almost as good a stunt as his discussing classified information with the Russian ambassador.

Trump tweets video revealing secret US Navy Seal team in Iraq https://t.co/F6MCaDHGFe",2018-12-31 03:31:25+00:00,1.08E+18,302,1430,3019
128,"Kelly didn‚Äôt have to attack a Congresswoman with a lie, didn‚Äôt have to defend Robert E. Lee, didn‚Äôt have to appear on stage at rally where Trump denounced protestors in NFL, a movement led by blacks to protest treatment of blacks, as ‚ÄúSons of bitches.‚Äù In Ala., with its history.",2018-12-31 03:07:15+00:00,1.08E+18,87,865,3197
129,"There was the much milder version (Kelly) and the gut-punch version (McChrystal), but two four-star generals today were critical of Trump as president. Kelly, Mattis, McChrystal criticizing Trump is of a different order than former political operatives criticizing him.",2018-12-31 03:04:16+00:00,1.08E+18,206,577,2202
130,All it took for Louis CK to go from ‚Äúfuck Trump‚Äù to sounding exactly like him was being caught.,2018-12-31 02:55:17+00:00,1.08E+18,125,3222,24277
131,"Kellyanne Conway criticized @NancyPelosi for visiting Hawaii during the shutdown, while chillin‚Äô in Florida waiting for Trump‚Äôs NYE party. Classic @GOP hypocrisy.
https://t.co/JYQYTnQ2EU",2018-12-31 02:32:56+00:00,1.08E+18,394,3549,7680
132,"Sarah Sanders is struggling to line up a future job for after she finally leaves Trump.

I wouldn‚Äôt hire her to scrub my toilet. 

I wouldn‚Äôt hire her to mow my lawn. 

I wouldn‚Äôt hire her to walk my dog. 

I wouldn‚Äôt hire her to kiss my butt. 

She simply can not be trusted.",2018-12-31 02:22:59+00:00,1.08E+18,185,362,1251
133,Trump is soon going to start blaming his morbid obesity on the democrats,2018-12-31 02:15:50+00:00,1.08E+18,240,580,3276
134,"People are assuming when Trump leaves office, voila, we‚Äôll be back at Jan 19, 2019 and move on from there. Wrong! As someone who has been keeping track of loss norms for 111 weeks, the damage he has done will take years, if not decades to repair. Our country has changed. 
1/",2018-12-31 02:12:03+00:00,1.08E+18,882,6407,19129
135,"No, I don't have sympathy or compassion of any kind for Trump supporters. This is especially true for ""uneducated whites"" that continually vote against their own best interests solely to ""spite"" minorities and liberals. These individuals are beyond salvation. Not worth the effort",2018-12-31 02:01:08+00:00,1.08E+18,170,639,2658
136,"Trump points out that the Obamas have a wall around their DC mansion, saying that the nation needs one too.  

Too bad the Obamas need their wall because of domestic terrorists inspired by Trump, like Cesar Sayoc.",2018-12-31 01:44:14+00:00,1.08E+18,78,785,3728
137,The most significant story of 2018 wasn‚Äôt Donald Trump or Robert Mueller. It was climate change. https://t.co/dzBSUs1UaB,2018-12-31 01:40:33+00:00,1.08E+18,364,921,2318
138,I admire Robert Mueller. He has maintained a dignified (and canny) silence in the face of Trump's childish playground taunts and the vaporous fulminations of Faux News. He simply continues doing the job he promised to do. That's American spirit.,2018-12-31 01:33:40+00:00,1.08E+18,1726,13804,85812
139,"It‚Äôs taken 9 days, but Trump is just now realizing how badly he‚Äôs screwed himself with the shutdown.

Democrats aren‚Äôt budging on the wall, Mitch McConnell and Republicans have completely abandoned him, and Americans blame him for the shutdown.

Womp womp.
https://t.co/0bxz5HP2s6",2018-12-31 01:20:23+00:00,1.08E+18,71,905,2878
140,"White people: ""I may not agree with  everything Donald Trump does, but he's our President, and we have to respect and support him.""

Black people: https://t.co/lXd4hmw8tj",2018-12-31 01:14:54+00:00,1.08E+18,541,3093,14255
141,"There is no wiggle room. Trump made two things crystal clear. First, Mexico will pay for the wall. Second, if the wall‚Äôs not paid for, he alone would close the government. Mexico‚Äôs position is clear. Ball‚Äôs in your court, Mr. Art of the Deal. Will never happen. #TrumpResign",2018-12-31 01:02:12+00:00,1.08E+18,783,7189,30161
142,"So John Kelly secretly told people that Trump was unfit for office, but publicly defended him against people who said Trump was unfit for office.

... and he thinks that's redeeming? (Hint: It's not. Not at all.)",2018-12-31 00:58:25+00:00,1.08E+18,295,3301,15269
143,"PS/ The Trump-Russia case is so complex and sprawling‚Äîgeographically, temporally, legally, geopolitically‚Äîthat even with 50 entries, many key events had to be left out and (almost certainly) a couple key events may have been missed. Feel free to suggest additions in the comments.",2018-12-31 00:58:24+00:00,1.08E+18,119,252,1028
144,"The toughest part is yet to come for Trump, which is when he gets sent something and is tempted to sign it to end the standoff and is urged by his base to veto it. So far, this is noise...but 800k federal workers are impacted  https://t.co/9KC5qf73gy",2018-12-31 00:55:17+00:00,1.08E+18,179,387,1263
145,"I'm 100% positive Lindsey Graham is compromised. He cowers to Trump &amp; supports him like a used jock strap. He makes his rounds to the different networks to kiss the ass of the most useless assclown ever to step foot in the Oval. He is a disgrace to the USAF, Senate, &amp; country.",2018-12-31 00:46:14+00:00,1.08E+18,409,2564,9504
146,I don‚Äôt think people truly understand. A Dem House changes the entire world. For the first time Trump and the Republicans will be held accountable for their rampant corruption and abuse of power. They will all be exposed for the frauds we always knew they were. No mercy. üá∫üá∏,2018-12-31 00:25:12+00:00,1.08E+18,774,4799,18838
147,"House Dems are scooping up staff and lawyers to power Trump investigations.

One job posting asked for counsels with a variety of expertise: ""criminal law, immigration law, constitutional law, intellectual property law, commercial and administrative law."" https://t.co/XCZXpJgzTT",2018-12-31 00:20:03+00:00,1.08E+18,235,2288,6873
148,‚ÄúIt seems like Democrats really like border security when there is a Democrat in office and don't like it when Donald Trump is in office.‚Äù -@MickMulvaneyOMB https://t.co/QlpXbbkKSG,2018-12-31 00:11:26+00:00,1.08E+18,1132,1399,5232
149,"Let's be very clear about what this means.  It's not news that Trump is nuts.  This means the GOP is willing to risk everything America stands for &amp; represents just so they can hopefully cling to power.  They are not willing to put country first.
 https://t.co/fOSs9R2trP",2018-12-31 00:10:13+00:00,1.08E+18,70,603,1236
150,The naked selfie is Chris Christie holding up a box of KFC outside of Trump Tower John Cusack style.,2018-12-31 00:00:49+00:00,1.08E+18,256,235,1711
151,"The Trump Administration has rolled back one environmental protection after another, endangering our ability to breathe clean air, drink clean water, all while jeopardizing our public health. It‚Äôs a tragic leap backward.
https://t.co/nOxyxtyN7b",2018-12-31 00:00:00+00:00,1.08E+18,381,1548,3347
152,"Why does Kellyanne Conway have a problem with Nancy Pelosi vacationing in Hawaii, but has no issue with senior White House advisor Ivanka Trump vacationing in Palm Beach or Treasury Secretary Steven Mnuchin vacationing in Cabo?",2018-12-30 23:52:16+00:00,1.08E+18,1772,6883,30008
153,"I FUCKING LOVE KARMA!

A few months ago, #Individual1 approved $129M in funding to hire staff in the HOUSE because he thought the GOP was going to win &amp; they could use the $ to investigate Clinton

The Dems won so now Pelosi has this money to hire lawyers to investigate Trump ü§£",2018-12-30 23:34:22+00:00,1.08E+18,149,959,2986
154,"Ever wonder why @realDonaldTrump repeatedly said Mexico will pay for the wall? We know @POTUS clearly doesn't care about federal deficits (exhibit 1: the deficit exploding GOP tax law he championed). 

Because even Trump knew the wall would be a wasteful use of US taxpayer funds.",2018-12-30 23:33:01+00:00,1.08E+18,619,3450,11375
155,Impossible. Trump has no idea what a metaphor is.,2018-12-30 23:20:04+00:00,1.08E+18,239,412,3563
156,"Has Trump ever commented on the ending friendships, families, marriages due to the division he has caused in America? Does he even care?",2018-12-30 23:19:41+00:00,1.08E+18,657,344,2341
157,"Opinion: Trump is incompetent, impulsive and amoral. Heaven help us all. https://t.co/9fefhb1Kk5",2018-12-30 23:17:55+00:00,1.08E+18,824,2002,5871
158,Anyone else feel like Trump thinks he'll have to work even less if the federal government remains closed for business?,2018-12-30 23:16:45+00:00,1.08E+18,644,1766,12925
159,"When you struggle to grasp how anyone could still support Trump or believe in such blatant nonsense as #Qanon, remember that this is the level of intellect most of these people are working with: https://t.co/2JpIx6eS13",2018-12-30 23:15:33+00:00,1.08E+18,154,221,626
160,"THREAD/ Here are the 50 MOST IMPORTANT EVENTS in the Trump-Russia timeline, RANKED. If you ignored the Trump-Russia case in 2017 and 2018, you'll find that impossible to do in 2019‚Äîas America plunges further into crisis. Please read and RETWEET this condensed Trump-Russia primer. https://t.co/iWxH0Cx4Qo",2018-12-30 23:07:12+00:00,1.08E+18,278,5587,6650
161,"Trump isn't demanding $5B for a metaphor. You assholes didn't shut down the government over a metaphor. The wall isn't a metaphor. It's a fucking wall. 

Me calling you a greasy piece of weasel shit, THAT's a metaphor.",2018-12-30 22:50:44+00:00,1.08E+18,108,594,2700
162,"Lindsey Graham claims Trump‚Äôs $5 billion ‚Äòwall‚Äô isn‚Äôt really a wall: It‚Äôs ‚Äòa metaphor for border security‚Äô -- Americans aren't buying it

https://t.co/1r0eSxinQC",2018-12-30 22:39:58+00:00,1.08E+18,436,332,744
163,"CBS, you're helping Sen Graham mislead your readers by pumping out this claim with no context or explanation.

Dems *have* offered Trump ""money for border security."" Graham is conflating ""border security"" with the ""wall"" to mislead people. Please don't help him do this.",2018-12-30 22:37:29+00:00,1.08E+18,286,3443,9503
164,Extortion is Trump‚Äôs idea of deal making. Nancy should include in any deal to open the government that Trump agree not to deliver a state of the union address. He is such an awful reader and his administration so absent good ideas that she should force him to spare us all.,2018-12-30 22:33:23+00:00,1.08E+18,352,1024,3426
165,"So, I‚Äôm guessing the media is totally going to ignore the fact that no one still knows Predator trump‚Äôs actual medical history because he hides it and pays to fake every aspect of it. Oh okay.",2018-12-30 22:32:01+00:00,1.08E+18,87,581,2124
166,"If you‚Äôre proposin‚Äô buildin‚Äô a wall to keep white Trump racists out of America, we‚Äôd all be for that.

https://t.co/6nKw0SOS4g",2018-12-30 22:28:04+00:00,1.08E+18,84,309,1580
167,Who pens Profiles in Cowardice: The Trump Years?,2018-12-30 22:15:29+00:00,1.08E+18,316,356,2363
168,"Remember, as Trump tweets about the Obamas' home, that Michelle Obama wrote: ""What if someone with an unstable mind loaded a gun and drove to Washington? ... Trump, with his loud and reckless innuendos, was putting my family's safety at risk. And for this I'd never forgive him.""",2018-12-30 22:15:04+00:00,1.08E+18,175,4048,14808
169,"After watching this CNN video I‚Äôm ready for 2018 to be over! 

They did a segment on how Trump's use of ""witch hunt"" offends witches

Retweet and tell @CNN to go to Bed https://t.co/h6xDFxRVfz",2018-12-30 22:10:53+00:00,1.08E+18,1360,4282,11959
170,Lindsey Graham is in cahoots with Trump. This is all nothing but another PR stunt. A fake feud to distract from Trump‚Äôs failing administration. Graham is a pathetic embarrassment to America and he should resign.,2018-12-30 22:04:29+00:00,1.08E+18,308,2254,7364
171,"The Trump administration is holding our government hostage over demands for his immoral border wall. This week, when we assume the majority in the House, Democrats will move swiftly to reopen the government and get to work on a bold, progressive agenda for the American people. https://t.co/crsJXndX5n",2018-12-30 22:04:26+00:00,1.08E+18,241,694,2379
172,"Is Lindsey Graham part of Trump‚Äôs cabinet now?  Why is he always on tv speaking for Trump?  Or is he beholden for some reason, and that is why he uniquely seems willing to be Trump‚Äôs wingman for this garbage?",2018-12-30 22:02:10+00:00,1.08E+18,1019,2348,9978
173,"Dear Trump Voters: As 2018 comes to a close, here's an updated list of Trump's 30 biggest broken promises. Don't keep falling for his lies in the new year. https://t.co/QeMT5bDcN0",2018-12-30 21:43:07+00:00,1.08E+18,399,7157,11965
174,"Our world is running out of time horribly fast. From this perspective Brexit, Trump, Xi, Putin etc seem like small-time politicians in 79 AD Pompeii, with no one noticing that Vesuvius has already started cooking off. Will 2019 be the year we finally wake up? I wish I thought so.",2018-12-30 21:23:11+00:00,1.08E+18,230,2736,9157
175,Retired four-star Gen. Stanley McChrystal says President Trump is dishonest and immoral. https://t.co/qXJHvw8IWp,2018-12-30 21:10:08+00:00,1.08E+18,227,391,1181
176,"In 2019, I'm looking forward to:

- New DEM House Majority
- New House Speaker Pelosi
- The Mueller Report
- Watching trump flail desperately before resigning
- Watching Pence's crooked ass be indicted &amp; escorted from the WH
- President Pelosi

What are YOU looking forward to?",2018-12-30 21:08:33+00:00,1.08E+18,679,1775,7114
177,"Cover-up!? Special Counsel Mueller‚Äôs office DELETED texts of of corrupt FBI officials Lisa Page &amp; Peter Strzok‚Äì the two anti-@RealDonaldTrump, pro-Clinton FBI lovers who were running the Clinton's Trump-Russia spy op. @JudicialWatch sues: https://t.co/lnSyzyQxv5 ‚Ä¶ https://t.co/XxpN4qELyu",2018-12-30 20:52:34+00:00,1.08E+18,365,1621,3574
178,These polling results are not random. They all are a direct reaction to Americans‚Äô revulsion of Trump and his Republican enablers.,2018-12-30 20:41:10+00:00,1.08E+18,228,411,2571
179,"I don't care if it's for a wall or that chain of steel slatted dildos now being promoted. Trump doesn't get a god damn penny for his wasteful, hateful wet dream. Kids are dying. Vets freezing in the cold. Infrastructure crumbling. And the GOP wants us to play nice? Fuck off.",2018-12-30 20:37:25+00:00,1.08E+18,162,1358,4444
180,"Sen. Lindsey Graham, who criticized President Trump's withdrawal of troops from the Middle East, says Trump today told him ""some things I didn't know that make me feel a lot better about where we're headed in Syria"" https://t.co/HBbvzirDfO",2018-12-30 20:32:19+00:00,1.08E+18,1606,1350,4144
181,Lindsay Graham‚Äôs ‚Äúlet‚Äôs be reasonable‚Äù talk about compromise on immigration ignores layers of morally bankrupt border separation policy &amp; forgetfulness about the deal struck before Christmas that Trump walked away from. None of this is the fault of Democrats.,2018-12-30 20:29:10+00:00,1.08E+18,272,2916,9504
182,"More lying for @realdonaldtrump.
Most Americans would rather hear the truth, for example from @gtconway3d.

Kellyanne Conway defends Donald Trump's comments blaming Democrats for child migrant deaths - CNNPolitics https://t.co/B3hJYZ1MEh",2018-12-30 20:27:49+00:00,1.08E+18,386,422,1342
183,"HAPPENING NOW: Sen. Lindsey Graham tells reporters after meeting with President Trump that the president ""is firm in his commitment to make sure we get money for border security"" https://t.co/hgGdZ1wteC",2018-12-30 20:27:17+00:00,1.08E+18,1231,477,2067
184,"I'm still trying to figure out whether Trump supporters are just idiots or if there are really that many truly evil, selfish, authoritarian people in this country.",2018-12-30 20:24:00+00:00,1.08E+18,1691,1547,7664
185,"Lindsey Graham outside WH just now after lunch w/Trump: ""We had a great lunch. We talked about Syria. He told me some things I didn‚Äôt know that made me feel a lot better about where we‚Äôre headed in Syria.""",2018-12-30 20:23:46+00:00,1.08E+18,1132,280,608
186,John Kelly paints yet another dim portrait of Trump https://t.co/u23WJ8JFnk,2018-12-30 20:22:34+00:00,1.08E+18,100,288,862
187,"Justice for Trump looks like indictment  leading to arrest, conviction and jail. Resignation and pardon‚Äîallowing him to spend the rest of his days blaming others, swearing he did nothing wrong and sowing further division‚Äîwould extend our national nightmare.",2018-12-30 20:17:04+00:00,1.08E+18,233,1058,3377
188,"What do the Trump Organization, the Trump campaign, Trump University, the Trump inaugural committee, and the Trump Foundation all have in common?   Criminal and civil fraud investigations.  And, of course, Donald Trump.  #NoCoincidence",2018-12-30 20:11:57+00:00,1.08E+18,98,1836,4582
189,"What Trump is doing is ""irresponsible, not good leadership -- and we need to reopen the government now!"" -@DebDingell #TrumpShutdown https://t.co/pCa9Zj7ZHc",2018-12-30 20:10:21+00:00,1.08E+18,379,1859,6608
190,A big year-end Trump-Russia summary thread is coming. Stay tuned.,2018-12-30 20:09:37+00:00,1.08E+18,93,233,2002
191,"Retired Army Gen. Stanley McChrystal says if asked, he wouldn't join the Trump administration because ""it's important for me to work for people"" who are ""basically honest.""

@MarthaRaddatz: ""Is Trump immoral in your view?""

McChrystal: ""I think he is."" https://t.co/GLZ8jxN8F9 https://t.co/OO6Rh95I1k",2018-12-30 20:07:03+00:00,1.08E+18,1310,2945,7457
192,John Kelly Says Trump Isn't Up To The Job Of Being President https://t.co/Bbvwvlm9HC via @politicususa,2018-12-30 20:03:26+00:00,1.08E+18,275,458,783
193,"Didn‚Äôt Trump say Mexico was going to pay for the wall? 

No negotiating is necessary, he needs stop the government #shutdown and not hold the paychecks of federal employees hostage. 

This is on him, not anyone else!",2018-12-30 19:57:11+00:00,1.08E+18,173,250,1437
194,"Trump, on Feb 18th, the day I buried my daughter, you blamed her murder on the Russia investigation.  You were wrong and you politicized her murder.  You are again wrong and again politicizing the death of children.  You are undeserving of the Presidency.  Fix what you broke.",2018-12-30 19:54:09+00:00,1.08E+18,222,3438,13975
195,"trooper: license and registration, please
Giuliani: PUT UP OR SHUT UP, OFFICER, YOU'VE GOT NOTHING
trooper: sir, I clocked you on on radar going 85
Giuliani: THERE'S NOTHING IN THE TRUNK
trooper: sir?
Giuliani: THAT HOOKER IN THE TRUNK WAS DEAD WHEN TRUMP FOUND HER",2018-12-30 19:43:25+00:00,1.08E+18,147,1701,8372
196,"With unemployment at an all-time low, hearing that Sarah Sanders is having trouble finding a new job is sweet Karma music to my ears. 

It's ALMOST as good as the idea of trump &amp; his crooked minions unable to find work outside of prison.

ALMOST. https://t.co/FL9XqWDbjT",2018-12-30 19:39:17+00:00,1.08E+18,768,1123,3688
197,"Two things I wish to see disappear in 2019:

‚ñ™Trump
‚ñ™The Freedom Caucus

Yours?",2018-12-30 19:35:58+00:00,1.08E+18,1449,1204,7783
198,A year of unprecedented deception: Trump averaged 15 false claims a day in 2018 https://t.co/NtgkwgC9xC,2018-12-30 19:31:42+00:00,1.08E+18,462,1446,2254
199,NEW ---&gt; A year of unprecedented deception: Trump averaged 15 false claims a day in 2018 https://t.co/hJ827WmZKh,2018-12-30 19:24:40+00:00,1.08E+18,176,1014,1841
200,"John Kelly, according to @maggieNYT‚Äôs reporting, ‚Äúfrequently told people that Mr. Trump was not up to role of president.‚Äù Which people? He certainly never told us. https://t.co/KuUdQwHMpr",2018-12-30 19:20:26+00:00,1.08E+18,124,549,1912
201,"A year of unprecedented deception: Trump averaged 15 false claims a day in 2018, @GlennKesslerWP reports https://t.co/dBte0Csc4A",2018-12-30 19:09:28+00:00,1.08E+18,323,1380,2724
202,"#HowardDean, who is a physician, says that #Trump is mentally incapacitated and has been for some time.  Pray for indictments.",2018-12-30 19:02:42+00:00,1.08E+18,1009,3446,20738
203,"China's soybean imports from the U.S. plunged to zero in November, marking the first time since Trump's trade war started that China, the world's largest soybean buyer, has imported no U.S. supplies. https://t.co/6a5GAN3ftn",2018-12-30 19:00:00+00:00,1.08E+18,87,476,645
204,How dare President Trump hurt American workers during the holidays and ignore climate change? Where is his compassion for people and the planet?,2018-12-30 18:58:17+00:00,1.08E+18,1926,2602,19199
205,Retired four-star Gen. Stanley McChrystal says President Trump is dishonest and immoral. https://t.co/5HM9Pq3VJE,2018-12-30 18:58:06+00:00,1.08E+18,388,896,2840
206,"Since there‚Äôs no money in the budget for a border wall,

I‚Äôm calling for Trump to take it out of Congress‚Äô pension fund.

You know, like they did with social security.
 
Who‚Äôs with me on this?",2018-12-30 18:54:29+00:00,1.08E+18,492,2082,5005
207,"Make no mistake, this is not in response to genuine concern for human life. This is @sajidjavid imitating Donald Trump's ""migrant caravan"" manufactured emergency to whip up fear before the Brexit vote. Desperate and cynical.",2018-12-30 18:50:46+00:00,1.08E+18,482,3557,9497
208,"We should ban prescription drug ads. There‚Äôs still time to act on climate change if we are bold. Tech companies will not voluntarily behave, and need to be overseen by the FTC. Trump is still suing to gut your healthcare. The Emoluments Clause is not getting enough attention.",2018-12-30 18:45:49+00:00,1.08E+18,143,2101,9806
209,Who would have thought that the best thing to ever happen to Richard Nixon‚Äôs reputation would be Donald Trump,2018-12-30 18:43:31+00:00,1.08E+18,134,798,4030
210,Could not be more disappointed in some of our brothers and sisters. Nearly 60% of veterans support trump‚Äôs border wall in an AP poll. What in the hell is wrong with them?  The wall is a joke. It is sad that so many are distracted by trump‚Äôs racial rhetoric,2018-12-30 18:36:02+00:00,1.08E+18,470,919,3369
211,"Trump wants to build a wall that will keep undocumented workers out of every place in the United States, except for his golf clubs, where he wants to put them to work for him.",2018-12-30 18:35:29+00:00,1.08E+18,151,1806,4886
212,Retired four-star Gen. Stanley McChrystal says President Trump is dishonest and immoral. https://t.co/9uv2EEyYzB,2018-12-30 18:18:04+00:00,1.08E+18,576,2286,6106
213,"John Kelly, who is leaving the White House imminently, occasionally told others that the less time Trump spent in the Oval the better, and that the president did not really understand how the government worked. https://t.co/WxhX7hqJib",2018-12-30 18:09:12+00:00,1.08E+18,428,1624,3849
214,"Mr. Kelly ""frequently told people that Mr. Trump was not up to the role of president, according to two former administration officials."" https://t.co/KThZXRdd2w",2018-12-30 17:56:35+00:00,1.08E+18,2007,4904,12944
215,"Once people leave the Trump White House, they often confirm reporting the White House vigorously sought to dispute at the time.",2018-12-30 17:48:35+00:00,1.08E+18,123,1411,5208
216,The nude selfie is Lindsey Graham and Donald Trump recreating the Ghost pottery scene.,2018-12-30 17:42:10+00:00,1.08E+18,996,788,7279
217,This explains all the ‚ÄúTrump is literally Hitler‚Äù comparisons.,2018-12-30 17:36:31+00:00,1.08E+18,474,3593,14176
218,"‚ÄúI‚Äôm proud to shut down the government . . . I will be the one to shut it down. I'm not going to blame you for it.‚Äù - Trump, 19 days ago",2018-12-30 17:32:36+00:00,1.08E+18,226,3384,9966
219,"For Republicans in Congress, it‚Äôs time to return to reality-based politics. That means not accepting or repeating Trump‚Äôs lies, not smearing the special counsel, not fanning hysteria about the border  or reflexively defending Trump‚Äôs conduct https://t.co/H1S3F9xqgN",2018-12-30 17:31:44+00:00,1.08E+18,161,571,1675
220,Former U.S. commander calls Trump dishonest and immoral https://t.co/G0FmDkkySj,2018-12-30 17:30:05+00:00,1.08E+18,200,767,1787
221,"By using the term ""conspiracy to hack,"" Rudy is trying to move the goalposts to say Trump and his campaign are only guilty if they worked with Russian on the hacking itself as opposed to distributing the stolen information to benefit his campaign.",2018-12-30 17:29:46+00:00,1.08E+18,69,605,2580
222,"Trump Just LIED Blamed Chuck Schumer for the shutdown

FACT: HERE'S A VIDEO OF Trump Saying to Chuck Schumer I will be the one to shut it down. I'm not going to blame you for it.

Why does Trump LIE LIKE THIS? https://t.co/i97fbBBVGR",2018-12-30 17:28:59+00:00,1.08E+18,226,1385,2041
223,Lindsey Graham said Democrats want Trump to lose more than they want America to win? This is the same GOP who wouldn‚Äôt cast a single vote for #Obamacare... Now they expect US to support a fuckin wall? They‚Äôve already shown they don‚Äôt support what‚Äôs best for the American people...,2018-12-30 17:28:37+00:00,1.08E+18,215,1335,3886
224,"This shutdown isn‚Äôt enough for Trump. His pay freeze for civil servants is going into effect‚Äîwhile hundreds of thousands of them are furloughed or working without pay. I‚Äôm pushing for a 1.9% COLA on the appropriations bill, and I won‚Äôt stop until we get it done.",2018-12-30 17:20:52+00:00,1.08E+18,114,282,874
225,"Like many people, I‚Äôm encouraged by @AOC‚Äôs optimism and energy, but I think she should firm up her credentials as a serious Democrat by offering Trump money for his border wall or by sponsoring a bill to deregulate predatory banks. You know, real Democrat stuff.",2018-12-30 17:18:15+00:00,1.08E+18,338,723,8555
226,A top US general just went on TV and called Trump immoral and dishonest https://t.co/QxThFx2jEI,2018-12-30 17:03:10+00:00,1.08E+18,129,1334,3223
227,"What Trump said then:

Mexico will pay for the wall. I promise.
I am proud to shut down the government for border security.
I will be the one to shut it down.

What he says now:

Taxpayers must pay for the wall.
The Democrats own the shutdown.

Promise made. Promises broken.",2018-12-30 17:02:34+00:00,1.08E+18,3918,18357,59285
228,"Trump signed an executive order Friday eliminating a 2.1% pay raise for federal workers due to take effect in January, writing in August that ""federal agency budgets cannot sustain such increases."" https://t.co/pbnUJRDV3s",2018-12-30 17:00:01+00:00,1.08E+18,447,1380,1208
229,"I don't recall the AP professing confusion about Benghazi, a made up scandal that literally went nowhere. Meanwhile, Trump's campaign chairman, deputy campaign chairman, national security adviser, personal lawyer, and several others have all been convicted of felonies.",2018-12-30 16:50:32+00:00,1.08E+18,127,1301,4006
230,"John Kelly talked to ‚Å¶@mollymotoole‚Å© for TWO HOURS, in which he:
- Admitted there won‚Äôt be a wall
- Perpetuated notion of Trump as erratic and offered few complimentary words
- Blamed Sessions for family separations https://t.co/pSAvfGaQhJ",2018-12-30 16:41:44+00:00,1.08E+18,387,1783,3866
231,"Trump, Putin and the rise of China mean the international order is changing. The EU must too. There is strength and power in unity. #IamEuropean https://t.co/R8uBAte25M",2018-12-30 16:35:15+00:00,1.08E+18,129,305,945
232,"@realDonaldTrump I'm a veteran. My father earned the Purple Heart in WWII. No Trump has ever served their country. Cowards. A 5X draft dodger. You couldn't lead a troop of boyscouts. U may have fooled some veterans who've been brainwashed by conservative radio and Fox News, but U are a weak punk.",2018-12-30 16:30:33+00:00,1.08E+18,221,887,3588
233,".@RudyGiuliani - I challenge you and @realDonaldTrump to either put up or shut up. Stop dodging the deposition in Stormy‚Äôs case and agree to allow me to question Trump under oath. I‚Äôll limit it to 2 hours. If he‚Äôs been honest with America, what could possibly go wrong?",2018-12-30 16:24:36+00:00,1.08E+18,1051,2891,13391
234,"This week Giuliani subtly changed Trump's defense to simply this: he didn't ""conspire to hack"" with the Kremlin. That's a crime no one anywhere has accused him of.

The implication of Trump's legal retreat is that we will find he did virtually *everything else* he's suspected of.",2018-12-30 16:17:47+00:00,1.08E+18,194,2330,8542
235,Trump approval among veterans almost 20 points higher than among serving military. No secret why: age. 37% of veterans over 65; almost 80% over age 45 https://t.co/FLwT78ZS4R,2018-12-30 16:14:45+00:00,1.08E+18,164,392,1198
236,"Reminder: The investigation led by Robert Mueller has resulted in the indictments or guilty pleas of 33 people and three Russian companies, including five former Trump advisors and 26 Russian nationals.",2018-12-30 16:13:51+00:00,1.08E+18,197,2557,6681
237,"AP editor @SallyBuzbee: The Trump-Russia probes have ""gone on so long that it's difficult to be able to assess what in this investigation is truly very serious and what is not as serious. So that is one thing that journalists struggle with a little bit...""",2018-12-30 16:13:43+00:00,1.08E+18,3156,397,1411
238,.@SenatorTester on President Trump‚Äôs tariffs: ‚ÄúIf this continues we‚Äôll see more farmers go broke and we‚Äôll see rural America be further diminished.‚Äù https://t.co/n2EtOSwIYU,2018-12-30 16:07:56+00:00,1.08E+18,161,460,882
239,"Retired Gen. McChrystal says he wouldn't work for ""immoral"" Trump https://t.co/fwKayBA6ha",2018-12-30 16:06:56+00:00,1.08E+18,137,454,1505
240,"Over 20 people at the airport have now told me they love my shirt! 

Here's the new game: Wear your Trump shirts everywhere, then pull out your phones &amp; film democrats when they go berserk. 

It's time we take back control. 
#SundayMorning",2018-12-30 15:59:59+00:00,1.08E+18,140,1190,3460
241,Losing to the Putin-Trump ticket does not necessarily make @HillaryClinton a bad candidate.,2018-12-30 15:58:50+00:00,1.08E+18,177,247,1276
242,"Cute how John Kelly has begun the self-preservation process of claiming to have prevented Trump from being even worse (as his excuse for selling his soul for a White House job).  Next is Kellyanne, right?  (see: ""George Conway"")  #PRforEvil",2018-12-30 15:52:46+00:00,1.08E+18,77,362,1317
243,"So Trump is shutting down the government over a wall that will never be built, and that he isn‚Äôt even trying to build. Got it.",2018-12-30 15:48:56+00:00,1.08E+18,116,1418,4648
244,"John Kelly made news with ‚ÄúTo be honest, it‚Äôs not a wall,‚Äù but I was struck more by what is absent here. An apology to @RepWilson for his lies about her. Accountability for his role in Trump‚Äôs immigration crusade. Recanting his Confederate apologism. Alas. https://t.co/aXTOqxLI9C",2018-12-30 15:46:08+00:00,1.08E+18,274,2213,7929
245,"I think about this regularly: Paul Ryan said his favorite band is Rage Against the Machine, and RATM was like fuck off, we hate you.

Right now, Tr*mpers are tweeting at Patton Oswalt to stop making fun of Trump and not ‚Äúalienate‚Äù his audience. 

The lack of self awareness...",2018-12-30 15:42:02+00:00,1.08E+18,115,596,8851
246,"Ret. Gen. Stanley McChrystal says, if asked, he wouldn't join the Trump admin because ""it's important for me to work for people"" who are ""basically honest.""

Raddatz: ""Is Trump immoral in your view?""

McChrystal: ""I think he is."" Via ABC. https://t.co/anIei19mcQ",2018-12-30 15:30:34+00:00,1.08E+18,221,3668,9796
247,"I feel like an ass. Remember when President Obama cried over the Sandy Hook shootings. So many conservatives were saying he was phony because he wanted gun control, 2 migrant children died, and they cheer Trump's response. It's hard to get over all of this.",2018-12-30 15:27:42+00:00,1.08E+18,186,648,3078
248,"A year ago Trump had John Kelly, H. R. McMaster and Gary Cohn with him in the White House, and Jim Mattis and (even) Jeff Sessions in key Cabinet positions. All have been replaced by lesser lights unwilling or unable to stand up to Trump.
Welcome to 2019! https://t.co/2XEMPFqGOF",2018-12-30 15:21:14+00:00,1.08E+18,233,377,1120
249,"The biggest villian of 2018?

Mitch McConnell

Trump is a close second, of course. But Trump is a rabid dog. You expect him to bite.

McConnell knows better. He just doesn't give a shit. He's all about the exercise of pure power. And that's evil.

#FuckYouMitch @senatemajldr",2018-12-30 15:18:24+00:00,1.08E+18,141,1043,2618
250,"John Kelly: ""To be honest, it's not a wall. The president still says wall‚Äîoftentimes frankly he'll say barrier or fencing, now he's tended toward steel slats. But we left a solid concrete wall early on.""

Did you hear that Trump supporters? Your dear cult leader is LYING to you.",2018-12-30 15:16:21+00:00,1.08E+18,245,2068,6910
